<?xml version="1.0" encoding="UTF-8"?>
<LightningComponentBundle xmlns="http://soap.sforce.com/2006/04/metadata">
   <apiVersion>51.0</apiVersion>
    <isExposed>true</isExposed>

    <masterLabel>Todos Component</masterLabel>
    <description>This is a simple todos component</description>
    <targets>
        <target>lightning__FlowScreen</target>
    </targets>

    <targetConfigs>

        <targetConfig targets="lightning__FlowScreen">
            <property name="todos" type="String[]" label="Todos" description="list of todos"/>
             <property name="todos1" type="String" label="Todos" description="list of todos"/>
        </targetConfig>
    </targetConfigs>
</LightningComponentBundle>