<?xml version="1.0" encoding="UTF-8"?>
<LightningComponentBundle xmlns="http://soap.sforce.com/2006/04/metadata">
    <apiVersion>48.0</apiVersion>
    <isExposed>true</isExposed>
    <targets>
        <target>lightningCommunity__Page</target>
        <target>lightningCommunity__Default</target>
        <target>lightning__HomePage</target>
        <target>lightning__RecordPage</target>
    </targets>
    <targetConfigs>
        <targetConfig targets="lightning__HomePage,lightning__RecordPage">
            <property name="objectName" type="String" label="Enter the Object Name"/>
            <property name="fieldName" type="String" label="Enter the Field Name"/>
            <property name="removeVals" type="String" label="Enter the removing Field Name"/>
        </targetConfig>
    </targetConfigs>
</LightningComponentBundle>