<?xml version="1.0" encoding="UTF-8"?>
<LightningComponentBundle xmlns="http://soap.sforce.com/2006/04/metadata">
    <apiVersion>50.0</apiVersion>
    <isExposed>false</isExposed>
    <targets>
        <target>lightning__RecordPage</target>
    </targets>
    <targetConfigs>
      <targetConfig targets="lightning__RecordPage">
        <property
            name="recordId"
            type="String"
            label="Record Id"
            description="Automatically bind the page's record id to the component variable"
            default="{!recordId}" />
    </targetConfig>
  </targetConfigs>
</LightningComponentBundle>